{
  "users": [
    {
      "id":1,
      "name": "gaoxiuwen"
    },
    {
      "id":2,
      "name": "xiongtiancheng"
    },
    {
      "id":3,
      "name": "zhenghua"
    },
    {
      "id":4,
      "name": "wangwenjing"
    }
  ],
  "projects": [
    {
      "id": 1,
      "name": "qishouguanli",
      "personId": 1,
      "organization": "waimaizu",
      "created": "111111111111"
    },
    {
      "id": 2,
      "name": "tuangou APP",
      "personId": 2,
      "organization": "tuangouzu",
      "created": "111111111111"
    },
    {
      "id": 3,
      "name": "wuliaoguanlixitong",
      "personId": 3,
      "organization": "wuliaozu",
      "created": "111111111111"
    },
    {
      "id": 4,
      "name": "zongbuguanlixitong",
      "personId": 4,
      "organization": "zubu",
      "created": "111111111111"
    },
    {
      "id": 5,
      "name": "songcanluxianguihuaxitong",
      "personId": 5,
      "organization": "waimaizu",
      "created": "111111111111"
    }
  ]
}